date,category,amount,currency
2026-09-01,식비,15000,KRW
2026-09-02,교통,3200,KRW
2026-09-03,쇼핑,42.50,USD
2026-09-04,식비,8900,KRW
2026-09-05,카페,5500,KRW
2026-09-06,구독료,9.99,USD
2026-09-07,교통,2800,KRW
2026-09-08,식비,22000,KRW
2026-09-09,쇼핑,15.00,USD
2026-09-10,카페,4800,KRW
2026-09-11,식비,12000,KRW
2026-09-12,교통,3200,KRW
2026-09-13,구독료,14.99,USD
2026-09-14,쇼핑,89000,KRW
2026-09-15,식비,9500,KRW
2026-09-16,카페,5200,KRW
2026-09-17,교통,2800,KRW
2026-09-18,식비,17800,KRW
2026-09-19,쇼핑,60.00,USD
2026-09-20,카페,4500,KRW
2026-09-21,식비,13200,KRW
2026-09-22,교통,3200,KRW
2026-09-23,구독료,9.99,USD
2026-09-24,식비,10500,KRW
2026-09-25,쇼핑,25000,KRW
